"filename", "language", "CSV", "Python", "Markdown", "toml", "SQL", "comment", "blank", "total"
"/Users/tylermoline/devpipeline/homework/capstone/Pipfile", "toml", 0, 0, 0, 8, 0, 0, 4, 12
"/Users/tylermoline/devpipeline/homework/capstone/competency_info.db", "SQL", 0, 0, 0, 0, 117, 0, 2, 119
"/Users/tylermoline/devpipeline/homework/capstone/db_querys/__init__.py", "Python", 0, 4, 0, 0, 0, 0, 0, 4
"/Users/tylermoline/devpipeline/homework/capstone/db_querys/add/add_assess_results_query.py", "Python", 0, 7, 0, 0, 0, 0, 3, 10
"/Users/tylermoline/devpipeline/homework/capstone/db_querys/add/add_assess_to_comp_query.py", "Python", 0, 8, 0, 0, 0, 0, 3, 11
"/Users/tylermoline/devpipeline/homework/capstone/db_querys/add/add_competency_query.py", "Python", 0, 8, 0, 0, 0, 0, 3, 11
"/Users/tylermoline/devpipeline/homework/capstone/db_querys/add/add_user_query.py", "Python", 0, 8, 0, 0, 0, 0, 5, 13
"/Users/tylermoline/devpipeline/homework/capstone/db_querys/create_db.sql", "SQL", 0, 0, 0, 0, 236, 0, 14, 250
"/Users/tylermoline/devpipeline/homework/capstone/db_querys/delete_assess.py", "Python", 0, 7, 0, 0, 0, 0, 3, 10
"/Users/tylermoline/devpipeline/homework/capstone/db_querys/edit/edit_assess_query.py", "Python", 0, 12, 0, 0, 0, 0, 4, 16
"/Users/tylermoline/devpipeline/homework/capstone/db_querys/edit/edit_assess_result_query.py", "Python", 0, 12, 0, 0, 0, 0, 4, 16
"/Users/tylermoline/devpipeline/homework/capstone/db_querys/edit/edit_comp_query.py", "Python", 0, 12, 0, 0, 0, 0, 4, 16
"/Users/tylermoline/devpipeline/homework/capstone/db_querys/edit/edit_user_query.py", "Python", 0, 12, 0, 0, 0, 0, 4, 16
"/Users/tylermoline/devpipeline/homework/capstone/db_querys/edit/user_edit_email.py", "Python", 0, 8, 0, 0, 0, 0, 3, 11
"/Users/tylermoline/devpipeline/homework/capstone/db_querys/edit/user_update_password.py", "Python", 0, 8, 0, 0, 0, 0, 3, 11
"/Users/tylermoline/devpipeline/homework/capstone/db_querys/login_query.py", "Python", 0, 8, 0, 0, 0, 0, 3, 11
"/Users/tylermoline/devpipeline/homework/capstone/db_querys/view_search/comp_name.py", "Python", 0, 11, 0, 0, 0, 1, 2, 14
"/Users/tylermoline/devpipeline/homework/capstone/db_querys/view_search/search_by_first_name.py", "Python", 0, 7, 0, 0, 0, 1, 1, 9
"/Users/tylermoline/devpipeline/homework/capstone/db_querys/view_search/search_by_last_name.py", "Python", 0, 7, 0, 0, 0, 1, 1, 9
"/Users/tylermoline/devpipeline/homework/capstone/db_querys/view_search/user_view_comp_results_query.py", "Python", 0, 7, 0, 0, 0, 1, 1, 9
"/Users/tylermoline/devpipeline/homework/capstone/db_querys/view_search/view_all_assess_results.py", "Python", 0, 9, 0, 0, 0, 1, 2, 12
"/Users/tylermoline/devpipeline/homework/capstone/db_querys/view_search/view_all_assessments.py", "Python", 0, 9, 0, 0, 0, 1, 4, 14
"/Users/tylermoline/devpipeline/homework/capstone/db_querys/view_search/view_all_users.py", "Python", 0, 7, 0, 0, 0, 1, 1, 9
"/Users/tylermoline/devpipeline/homework/capstone/db_querys/view_search/view_assess_of_user.py", "Python", 0, 39, 0, 0, 0, 1, 9, 49
"/Users/tylermoline/devpipeline/homework/capstone/db_querys/view_search/view_comp_of_one_user.py", "Python", 0, 36, 0, 0, 0, 1, 3, 40
"/Users/tylermoline/devpipeline/homework/capstone/db_querys/view_search/view_managers.py", "Python", 0, 9, 0, 0, 0, 1, 1, 11
"/Users/tylermoline/devpipeline/homework/capstone/db_querys/view_search/view_user_and_comp_given.py", "Python", 0, 12, 0, 0, 0, 1, 1, 14
"/Users/tylermoline/devpipeline/homework/capstone/functions/__init__.py", "Python", 0, 4, 0, 0, 0, 0, 0, 4
"/Users/tylermoline/devpipeline/homework/capstone/functions/add/add_assess_result_for_user_for_assess.py", "Python", 0, 90, 0, 0, 0, 0, 25, 115
"/Users/tylermoline/devpipeline/homework/capstone/functions/add/add_assess_to_comp.py", "Python", 0, 38, 0, 0, 0, 0, 9, 47
"/Users/tylermoline/devpipeline/homework/capstone/functions/add/add_comp.py", "Python", 0, 24, 0, 0, 0, 0, 7, 31
"/Users/tylermoline/devpipeline/homework/capstone/functions/add/add_user.py", "Python", 0, 38, 0, 0, 0, 0, 11, 49
"/Users/tylermoline/devpipeline/homework/capstone/functions/delete_assess.py", "Python", 0, 36, 0, 0, 0, 0, 11, 47
"/Users/tylermoline/devpipeline/homework/capstone/functions/edit/edit_assess.py", "Python", 0, 51, 0, 0, 0, 0, 17, 68
"/Users/tylermoline/devpipeline/homework/capstone/functions/edit/edit_assess_results.py", "Python", 0, 51, 0, 0, 0, 0, 17, 68
"/Users/tylermoline/devpipeline/homework/capstone/functions/edit/edit_competency.py", "Python", 0, 52, 0, 0, 0, 0, 14, 66
"/Users/tylermoline/devpipeline/homework/capstone/functions/edit/edit_user.py", "Python", 0, 78, 0, 0, 0, 0, 26, 104
"/Users/tylermoline/devpipeline/homework/capstone/functions/edit/user_edit_email.py", "Python", 0, 14, 0, 0, 0, 0, 7, 21
"/Users/tylermoline/devpipeline/homework/capstone/functions/edit/user_password_update.py", "Python", 0, 14, 0, 0, 0, 0, 5, 19
"/Users/tylermoline/devpipeline/homework/capstone/functions/enter_to_menu.py", "Python", 0, 5, 0, 0, 0, 0, 2, 7
"/Users/tylermoline/devpipeline/homework/capstone/functions/export_reports_csv.py", "Python", 0, 30, 0, 0, 0, 0, 14, 44
"/Users/tylermoline/devpipeline/homework/capstone/functions/get_current_time.py", "Python", 0, 5, 0, 0, 0, 1, 3, 9
"/Users/tylermoline/devpipeline/homework/capstone/functions/hash_password.py", "Python", 0, 6, 0, 0, 0, 0, 4, 10
"/Users/tylermoline/devpipeline/homework/capstone/functions/import_assignment_results.py", "Python", 0, 9, 0, 0, 0, 0, 11, 20
"/Users/tylermoline/devpipeline/homework/capstone/functions/login.py", "Python", 0, 42, 0, 0, 0, 5, 21, 68
"/Users/tylermoline/devpipeline/homework/capstone/functions/read_schema.py", "Python", 0, 8, 0, 0, 0, 0, 2, 10
"/Users/tylermoline/devpipeline/homework/capstone/functions/view_search/search_for_users_first_or_last.py", "Python", 0, 46, 0, 0, 0, 1, 11, 58
"/Users/tylermoline/devpipeline/homework/capstone/functions/view_search/user_view_comp_results.py", "Python", 0, 27, 0, 0, 0, 0, 12, 39
"/Users/tylermoline/devpipeline/homework/capstone/functions/view_search/view_assess_of_user.py", "Python", 0, 32, 0, 0, 0, 0, 13, 45
"/Users/tylermoline/devpipeline/homework/capstone/functions/view_search/view_comp_of_one_user.py", "Python", 0, 52, 0, 0, 0, 0, 17, 69
"/Users/tylermoline/devpipeline/homework/capstone/functions/view_search/view_report_all_users_and_comp_given.py", "Python", 0, 43, 0, 0, 0, 0, 15, 58
"/Users/tylermoline/devpipeline/homework/capstone/functions/view_search/view_users_in_list.py", "Python", 0, 13, 0, 0, 0, 1, 5, 19
"/Users/tylermoline/devpipeline/homework/capstone/import.csv", "CSV", 12, 0, 0, 0, 0, 0, 0, 12
"/Users/tylermoline/devpipeline/homework/capstone/main.py", "Python", 0, 149, 0, 0, 0, 3, 27, 179
"/Users/tylermoline/devpipeline/homework/capstone/readme.md", "Markdown", 0, 0, 50, 0, 0, 0, 45, 95
"/Users/tylermoline/devpipeline/homework/capstone/reports.csv", "CSV", 5, 0, 0, 0, 0, 0, 1, 6
"Total", "-", 17, 1224, 50, 8, 353, 22, 440, 2114